<?xml version="1.0" encoding="UTF-8"?>
<root>
  <item name="android.support.customtabs.browseractions.BrowserActionsIntent.Builder android.support.customtabs.browseractions.BrowserActionsIntent.Builder setUrlType(int) 0">
    <annotation name="android.support.annotation.IntDef">
      <val name="value" val="{android.support.customtabs.browseractions.BrowserActionsIntent.URL_TYPE_NONE, android.support.customtabs.browseractions.BrowserActionsIntent.URL_TYPE_IMAGE, android.support.customtabs.browseractions.BrowserActionsIntent.URL_TYPE_VIDEO, android.support.customtabs.browseractions.BrowserActionsIntent.URL_TYPE_AUDIO, android.support.customtabs.browseractions.BrowserActionsIntent.URL_TYPE_FILE, android.support.customtabs.browseractions.BrowserActionsIntent.URL_TYPE_PLUGIN}" />
    </annotation>
  </item>
  <item name="android.support.customtabs.browseractions.BrowserActionsIntent.Builder mType">
    <annotation name="android.support.annotation.IntDef">
      <val name="value" val="{android.support.customtabs.browseractions.BrowserActionsIntent.URL_TYPE_NONE, android.support.customtabs.browseractions.BrowserActionsIntent.URL_TYPE_IMAGE, android.support.customtabs.browseractions.BrowserActionsIntent.URL_TYPE_VIDEO, android.support.customtabs.browseractions.BrowserActionsIntent.URL_TYPE_AUDIO, android.support.customtabs.browseractions.BrowserActionsIntent.URL_TYPE_FILE, android.support.customtabs.browseractions.BrowserActionsIntent.URL_TYPE_PLUGIN}" />
    </annotation>
  </item>
</root>

